{"_step":5,"_wandb":{"runtime":12},"loss":2.420342206954956,"_timestamp":1.7555211545985868e+09,"_runtime":11.706974243}