{"_runtime":286.241260628,"_step":99999,"_wandb":{"runtime":286},"loss":0.014599829912185669,"_timestamp":1.7554239281650598e+09}