{"_runtime":26559.246706326,"_wandb":{"runtime":26559},"_step":99999,"loss":0.9435285925865173,"_timestamp":1.7555533704570205e+09}