{"loss":1.1689473390579224,"_timestamp":1.7554514178789382e+09,"_runtime":7405.562859647,"_wandb":{"runtime":7405},"_step":99999}