{"_wandb":{"runtime":80},"_timestamp":1.7555239128245504e+09,"_runtime":59.725690527,"_step":0,"loss":1.1122380334776536}