{"d4rl_score":58.245826916640794,"Q/unif":344.72943115234375,"_timestamp":1.7554499418569062e+09,"train/critic_loss":65.47708892822266,"Q_eval_comparison/Q Prediction":408.0689392089844,"_wandb":{"runtime":31390},"Q/a":353.30169677734375,"train/actor_loss":-353.29736328125,"Q/pinoise0.1":355.74853515625,"Q_eval_comparison/MC Return":297.06219482421875,"Q/Qmin":-366,"_runtime":31390.073655668,"train/reg_loss":36.27015686035156,"Q/anoise0.5":351.8792419433594,"Q/anoise0.1":353.35821533203125,"Q/pi":355.9141540527344,"_step":1000000,"Q_eval_comparison/Bias":111.0067367553711,"Q/pinoise0.5":353.577392578125}