{"_timestamp":1.7554116485093668e+09,"_wandb":{"runtime":2714},"_runtime":2714.879455341,"_step":99999,"loss":0.39653685688972473}