{"_wandb":{"runtime":157},"loss":1.6807442903518677,"_timestamp":1.7555210942056868e+09,"_runtime":155.092554212,"_step":94}