{"loss":0.21784134209156036,"_timestamp":1.7555760911052935e+09,"_wandb":{"runtime":22716},"_runtime":22716.698875574,"_step":99999}