{"_runtime":287.251850864,"_step":99999,"_wandb":{"runtime":287},"loss":0.008079780265688896,"_timestamp":1.755557617047145e+09}