{"loss":1.05152428150177,"_timestamp":1.7555443777665234e+09,"_runtime":14114.868234649,"_step":99999,"_wandb":{"runtime":14114}}