{"loss":1.192882776260376,"_timestamp":1.755427173037411e+09,"_runtime":3218.878276431,"_step":99999,"_wandb":{"runtime":3218}}