{"_timestamp":1.7555569416334097e+09,"_runtime":12559.688575982,"_step":99999,"loss":0.20150087773799896,"_wandb":{"runtime":12559}}