{"_wandb":{"runtime":9},"loss":1.5815072308928342,"_timestamp":1.755526722395482e+09,"_runtime":8.213538028,"_step":0}