{"_step":99999,"_wandb":{"runtime":2868},"loss":1.192882776260376,"_timestamp":1.7555299999736104e+09,"_runtime":2868.574736787}